id,disaster||| MODEL1,disaster|||MODEL2,check
0,1,1,TRUE
2,1,1,TRUE
3,1,1,TRUE
9,1,1,TRUE
11,1,1,TRUE
12,1,1,TRUE
21,0,0,TRUE
22,0,0,TRUE
27,0,0,TRUE
29,0,0,TRUE
30,0,0,TRUE
35,0,0,TRUE
42,0,0,TRUE
43,0,0,TRUE
45,0,0,TRUE
46,1,0,FALSE
47,0,0,TRUE
51,1,1,TRUE
58,0,0,TRUE
60,0,0,TRUE
69,0,0,TRUE
70,1,0,FALSE
72,0,0,TRUE
75,1,1,TRUE
84,0,0,TRUE
87,0,0,TRUE
88,0,0,TRUE
90,0,0,TRUE
94,0,0,TRUE
99,1,1,TRUE
101,0,0,TRUE
103,1,0,FALSE
106,1,1,TRUE
108,0,0,TRUE
111,1,1,TRUE
115,0,0,TRUE
116,1,0,FALSE
122,0,0,TRUE
123,0,0,TRUE
124,1,1,TRUE
125,0,0,TRUE
127,1,1,TRUE
140,0,0,TRUE
142,0,0,TRUE
147,0,0,TRUE
148,0,0,TRUE
150,0,0,TRUE
152,0,0,TRUE
154,0,0,TRUE
155,0,0,TRUE
166,0,0,TRUE
167,0,0,TRUE
169,1,1,TRUE
177,0,0,TRUE
179,0,0,TRUE
181,0,0,TRUE
186,0,0,TRUE
188,0,0,TRUE
189,0,0,TRUE
192,0,0,TRUE
200,1,1,TRUE
202,0,0,TRUE
206,1,1,TRUE
207,1,1,TRUE
214,1,1,TRUE
217,1,1,TRUE
223,0,0,TRUE
224,1,1,TRUE
227,1,1,TRUE
228,1,1,TRUE
230,1,1,TRUE
233,0,1,FALSE
234,1,1,TRUE
236,1,1,TRUE
239,1,1,TRUE
250,1,1,TRUE
255,0,0,TRUE
257,0,0,TRUE
259,0,0,TRUE
275,1,1,TRUE
278,0,0,TRUE
282,0,0,TRUE
284,0,0,TRUE
286,0,0,TRUE
288,1,1,TRUE
292,1,1,TRUE
295,0,0,TRUE
300,0,0,TRUE
304,1,1,TRUE
305,1,1,TRUE
306,0,0,TRUE
308,0,0,TRUE
311,0,0,TRUE
317,0,0,TRUE
319,0,0,TRUE
323,0,0,TRUE
324,0,0,TRUE
325,0,0,TRUE
326,0,0,TRUE
333,0,0,TRUE
339,0,0,TRUE
342,0,0,TRUE
343,0,0,TRUE
350,0,0,TRUE
351,0,0,TRUE
357,0,0,TRUE
359,0,0,TRUE
362,0,0,TRUE
366,1,1,TRUE
367,0,0,TRUE
369,0,0,TRUE
373,0,0,TRUE
374,1,1,TRUE
376,0,0,TRUE
377,0,0,TRUE
378,0,0,TRUE
379,0,0,TRUE
382,0,0,TRUE
385,0,0,TRUE
387,0,0,TRUE
388,0,0,TRUE
391,0,0,TRUE
392,0,0,TRUE
395,0,0,TRUE
399,0,0,TRUE
400,0,0,TRUE
403,0,0,TRUE
405,0,0,TRUE
408,0,0,TRUE
411,0,0,TRUE
414,0,0,TRUE
416,0,0,TRUE
417,1,1,TRUE
422,0,0,TRUE
425,0,0,TRUE
428,0,0,TRUE
430,0,0,TRUE
431,0,0,TRUE
433,0,0,TRUE
434,0,0,TRUE
439,0,0,TRUE
441,0,0,TRUE
449,0,0,TRUE
458,0,0,TRUE
460,0,0,TRUE
464,0,0,TRUE
473,1,0,FALSE
488,0,0,TRUE
491,0,0,TRUE
494,1,1,TRUE
497,0,0,TRUE
500,0,0,TRUE
505,0,0,TRUE
507,0,0,TRUE
508,0,0,TRUE
510,0,0,TRUE
511,0,0,TRUE
515,1,0,FALSE
525,0,0,TRUE
529,0,0,TRUE
532,0,0,TRUE
534,0,0,TRUE
537,0,0,TRUE
539,0,0,TRUE
541,0,0,TRUE
545,0,0,TRUE
547,1,1,TRUE
548,1,1,TRUE
549,1,1,TRUE
553,1,1,TRUE
554,0,0,TRUE
555,1,1,TRUE
557,1,1,TRUE
562,1,1,TRUE
566,1,1,TRUE
572,1,1,TRUE
573,1,1,TRUE
582,0,0,TRUE
586,1,1,TRUE
587,0,0,TRUE
590,1,1,TRUE
591,0,0,TRUE
593,0,0,TRUE
595,1,1,TRUE
596,1,1,TRUE
597,0,0,TRUE
601,0,0,TRUE
602,0,0,TRUE
605,1,1,TRUE
610,1,1,TRUE
616,0,0,TRUE
618,0,0,TRUE
620,1,1,TRUE
626,0,0,TRUE
627,0,0,TRUE
629,0,0,TRUE
632,1,1,TRUE
634,0,1,FALSE
639,0,0,TRUE
645,1,1,TRUE
647,1,1,TRUE
648,0,0,TRUE
650,0,0,TRUE
663,0,0,TRUE
666,1,1,TRUE
668,0,0,TRUE
670,0,0,TRUE
673,1,1,TRUE
676,0,1,FALSE
678,0,0,TRUE
692,0,0,TRUE
693,1,1,TRUE
694,0,0,TRUE
695,0,0,TRUE
696,1,1,TRUE
698,0,0,TRUE
701,0,0,TRUE
703,1,1,TRUE
707,1,1,TRUE
708,1,1,TRUE
711,1,1,TRUE
715,1,1,TRUE
718,0,0,TRUE
722,0,0,TRUE
723,0,0,TRUE
733,1,1,TRUE
741,1,1,TRUE
742,1,1,TRUE
743,1,1,TRUE
747,0,0,TRUE
749,0,0,TRUE
750,0,0,TRUE
756,0,0,TRUE
757,0,0,TRUE
760,0,0,TRUE
764,0,0,TRUE
765,0,0,TRUE
766,0,0,TRUE
768,0,0,TRUE
769,0,0,TRUE
771,0,0,TRUE
772,0,0,TRUE
776,0,0,TRUE
778,0,0,TRUE
780,1,1,TRUE
785,0,0,TRUE
789,0,0,TRUE
792,0,0,TRUE
793,0,0,TRUE
811,0,0,TRUE
813,0,0,TRUE
816,0,0,TRUE
821,0,0,TRUE
824,0,0,TRUE
825,0,0,TRUE
827,0,0,TRUE
830,1,1,TRUE
831,1,0,FALSE
839,1,0,FALSE
844,0,0,TRUE
847,1,1,TRUE
850,1,0,FALSE
854,1,1,TRUE
855,0,0,TRUE
858,0,0,TRUE
861,1,1,TRUE
862,0,0,TRUE
865,1,1,TRUE
869,1,1,TRUE
879,1,1,TRUE
880,1,1,TRUE
887,0,0,TRUE
889,1,1,TRUE
897,0,1,FALSE
900,1,1,TRUE
901,0,0,TRUE
904,1,0,FALSE
908,0,0,TRUE
909,0,0,TRUE
910,1,1,TRUE
913,1,1,TRUE
914,1,1,TRUE
917,1,1,TRUE
918,1,1,TRUE
920,1,1,TRUE
922,1,1,TRUE
924,1,1,TRUE
925,0,0,TRUE
927,0,0,TRUE
933,0,0,TRUE
937,0,0,TRUE
943,0,0,TRUE
949,0,0,TRUE
950,1,1,TRUE
954,0,0,TRUE
966,0,0,TRUE
967,0,0,TRUE
969,0,0,TRUE
970,1,1,TRUE
973,0,0,TRUE
975,0,0,TRUE
980,0,0,TRUE
988,0,0,TRUE
989,0,0,TRUE
995,0,0,TRUE
1000,0,0,TRUE
1003,0,0,TRUE
1007,0,0,TRUE
1011,0,0,TRUE
1012,0,0,TRUE
1013,0,0,TRUE
1014,0,0,TRUE
1016,1,1,TRUE
1019,0,0,TRUE
1025,0,0,TRUE
1027,0,0,TRUE
1028,1,1,TRUE
1030,0,0,TRUE
1033,1,1,TRUE
1034,0,0,TRUE
1039,0,0,TRUE
1046,0,0,TRUE
1047,0,0,TRUE
1053,0,0,TRUE
1055,0,0,TRUE
1056,0,0,TRUE
1059,0,0,TRUE
1060,0,0,TRUE
1063,0,0,TRUE
1064,0,0,TRUE
1068,0,0,TRUE
1076,0,0,TRUE
1086,0,0,TRUE
1087,0,0,TRUE
1089,0,0,TRUE
1092,0,0,TRUE
1095,0,0,TRUE
1096,0,0,TRUE
1097,0,0,TRUE
1100,0,0,TRUE
1101,0,0,TRUE
1107,0,0,TRUE
1108,0,0,TRUE
1111,0,0,TRUE
1115,0,0,TRUE
1116,0,0,TRUE
1121,0,0,TRUE
1125,0,0,TRUE
1127,0,0,TRUE
1131,0,0,TRUE
1133,1,0,FALSE
1135,0,0,TRUE
1137,0,0,TRUE
1140,0,0,TRUE
1144,0,0,TRUE
1147,0,0,TRUE
1148,0,0,TRUE
1150,0,0,TRUE
1158,0,0,TRUE
1159,0,0,TRUE
1161,0,0,TRUE
1163,0,0,TRUE
1165,0,0,TRUE
1169,0,0,TRUE
1171,0,0,TRUE
1172,0,0,TRUE
1176,0,0,TRUE
1180,0,0,TRUE
1184,0,0,TRUE
1186,0,0,TRUE
1187,0,0,TRUE
1192,0,0,TRUE
1193,1,1,TRUE
1194,0,0,TRUE
1197,0,0,TRUE
1200,0,0,TRUE
1205,0,0,TRUE
1210,0,0,TRUE
1216,0,0,TRUE
1220,0,0,TRUE
1231,0,0,TRUE
1233,0,0,TRUE
1246,0,0,TRUE
1247,0,0,TRUE
1248,0,0,TRUE
1255,0,0,TRUE
1256,0,0,TRUE
1257,0,0,TRUE
1258,0,0,TRUE
1260,0,0,TRUE
1261,0,0,TRUE
1265,0,0,TRUE
1266,0,0,TRUE
1268,0,0,TRUE
1274,0,0,TRUE
1281,0,0,TRUE
1285,0,0,TRUE
1286,0,0,TRUE
1291,0,0,TRUE
1292,0,0,TRUE
1295,0,0,TRUE
1299,0,0,TRUE
1306,0,0,TRUE
1310,0,0,TRUE
1311,0,0,TRUE
1313,0,0,TRUE
1314,0,0,TRUE
1322,0,0,TRUE
1323,0,0,TRUE
1325,0,0,TRUE
1329,0,0,TRUE
1330,0,0,TRUE
1333,0,0,TRUE
1336,0,0,TRUE
1339,0,0,TRUE
1342,0,0,TRUE
1344,0,0,TRUE
1355,1,1,TRUE
1357,0,0,TRUE
1358,0,0,TRUE
1359,0,0,TRUE
1364,0,0,TRUE
1366,0,0,TRUE
1367,0,0,TRUE
1370,1,1,TRUE
1373,0,0,TRUE
1377,0,0,TRUE
1386,0,0,TRUE
1387,0,0,TRUE
1392,0,0,TRUE
1397,0,0,TRUE
1398,0,0,TRUE
1400,0,0,TRUE
1403,0,0,TRUE
1404,0,0,TRUE
1410,0,0,TRUE
1413,0,0,TRUE
1416,0,0,TRUE
1417,0,0,TRUE
1423,0,0,TRUE
1424,0,0,TRUE
1426,0,0,TRUE
1427,0,0,TRUE
1428,0,0,TRUE
1430,0,0,TRUE
1434,0,0,TRUE
1435,0,0,TRUE
1437,0,0,TRUE
1438,0,0,TRUE
1442,0,0,TRUE
1446,0,0,TRUE
1451,0,0,TRUE
1457,0,0,TRUE
1461,0,0,TRUE
1462,0,0,TRUE
1465,0,0,TRUE
1468,0,0,TRUE
1469,0,0,TRUE
1471,0,0,TRUE
1476,0,0,TRUE
1478,0,0,TRUE
1481,0,0,TRUE
1489,0,0,TRUE
1490,0,0,TRUE
1492,0,0,TRUE
1496,0,0,TRUE
1512,0,0,TRUE
1516,0,0,TRUE
1517,0,0,TRUE
1528,0,0,TRUE
1529,1,1,TRUE
1536,1,1,TRUE
1539,0,0,TRUE
1541,0,0,TRUE
1542,1,1,TRUE
1548,1,1,TRUE
1550,0,1,FALSE
1551,0,0,TRUE
1552,1,1,TRUE
1557,1,1,TRUE
1563,0,0,TRUE
1564,0,0,TRUE
1565,0,0,TRUE
1566,1,1,TRUE
1571,1,1,TRUE
1578,0,0,TRUE
1581,0,0,TRUE
1583,0,0,TRUE
1584,0,0,TRUE
1586,1,1,TRUE
1589,1,1,TRUE
1592,1,1,TRUE
1598,1,1,TRUE
1606,0,0,TRUE
1612,0,0,TRUE
1616,0,0,TRUE
1620,0,0,TRUE
1624,0,0,TRUE
1629,1,1,TRUE
1630,1,1,TRUE
1635,1,1,TRUE
1640,1,1,TRUE
1641,1,1,TRUE
1642,1,1,TRUE
1651,1,1,TRUE
1655,1,1,TRUE
1656,1,1,TRUE
1659,1,1,TRUE
1664,1,1,TRUE
1667,1,1,TRUE
1668,1,1,TRUE
1674,1,1,TRUE
1678,0,0,TRUE
1680,1,1,TRUE
1681,1,1,TRUE
1682,1,1,TRUE
1685,1,1,TRUE
1695,1,1,TRUE
1696,1,1,TRUE
1697,0,0,TRUE
1704,1,1,TRUE
1708,1,1,TRUE
1711,1,1,TRUE
1713,1,1,TRUE
1714,1,1,TRUE
1717,1,1,TRUE
1729,1,1,TRUE
1730,0,0,TRUE
1732,1,1,TRUE
1734,0,1,FALSE
1736,0,0,TRUE
1738,1,1,TRUE
1742,0,0,TRUE
1743,1,1,TRUE
1746,0,0,TRUE
1748,1,1,TRUE
1749,1,1,TRUE
1751,1,1,TRUE
1758,0,0,TRUE
1764,1,1,TRUE
1765,0,0,TRUE
1777,1,1,TRUE
1778,0,0,TRUE
1781,1,1,TRUE
1782,1,1,TRUE
1783,1,1,TRUE
1785,1,1,TRUE
1788,1,1,TRUE
1793,1,1,TRUE
1794,1,1,TRUE
1795,1,1,TRUE
1797,1,1,TRUE
1800,1,1,TRUE
1801,1,1,TRUE
1805,1,1,TRUE
1806,1,1,TRUE
1819,1,1,TRUE
1820,1,1,TRUE
1825,1,1,TRUE
1828,0,0,TRUE
1829,0,0,TRUE
1830,0,0,TRUE
1839,1,1,TRUE
1843,0,0,TRUE
1844,0,0,TRUE
1846,0,0,TRUE
1849,0,0,TRUE
1850,0,0,TRUE
1854,0,0,TRUE
1855,0,0,TRUE
1858,0,0,TRUE
1859,0,0,TRUE
1862,0,0,TRUE
1867,0,0,TRUE
1868,0,0,TRUE
1871,1,1,TRUE
1872,0,0,TRUE
1874,1,1,TRUE
1876,0,0,TRUE
1879,0,0,TRUE
1884,1,1,TRUE
1891,0,0,TRUE
1894,0,0,TRUE
1896,1,1,TRUE
1902,0,0,TRUE
1903,0,0,TRUE
1904,0,0,TRUE
1906,1,1,TRUE
1907,1,1,TRUE
1912,0,0,TRUE
1913,0,0,TRUE
1923,1,1,TRUE
1926,0,0,TRUE
1928,1,1,TRUE
1930,1,1,TRUE
1931,0,0,TRUE
1934,0,0,TRUE
1936,1,1,TRUE
1944,1,1,TRUE
1946,1,1,TRUE
1947,0,0,TRUE
1958,1,1,TRUE
1964,0,1,FALSE
1970,1,1,TRUE
1974,1,1,TRUE
1977,1,1,TRUE
1978,1,1,TRUE
1982,1,1,TRUE
1984,1,1,TRUE
1988,1,1,TRUE
1993,0,0,TRUE
1997,1,1,TRUE
1998,1,1,TRUE
2002,0,0,TRUE
2004,1,1,TRUE
2005,1,0,FALSE
2008,0,0,TRUE
2011,1,1,TRUE
2013,0,0,TRUE
2018,1,0,FALSE
2021,1,1,TRUE
2025,0,0,TRUE
2029,1,1,TRUE
2030,1,1,TRUE
2032,0,0,TRUE
2037,1,1,TRUE
2041,0,0,TRUE
2044,1,1,TRUE
2048,1,0,FALSE
2052,1,1,TRUE
2053,1,1,TRUE
2054,1,1,TRUE
2062,1,0,FALSE
2065,0,0,TRUE
2066,1,1,TRUE
2072,1,1,TRUE
2079,1,1,TRUE
2080,0,0,TRUE
2085,0,0,TRUE
2088,1,1,TRUE
2090,0,1,FALSE
2092,1,1,TRUE
2093,0,0,TRUE
2101,0,0,TRUE
2104,0,0,TRUE
2105,0,0,TRUE
2106,1,1,TRUE
2107,0,0,TRUE
2120,0,0,TRUE
2124,0,0,TRUE
2127,0,0,TRUE
2130,0,0,TRUE
2132,0,0,TRUE
2135,0,0,TRUE
2137,0,0,TRUE
2140,0,0,TRUE
2143,0,0,TRUE
2147,0,0,TRUE
2151,0,0,TRUE
2152,0,0,TRUE
2155,0,0,TRUE
2156,0,0,TRUE
2162,0,0,TRUE
2165,1,1,TRUE
2166,1,1,TRUE
2167,1,1,TRUE
2168,0,0,TRUE
2170,0,0,TRUE
2178,1,1,TRUE
2180,1,1,TRUE
2182,0,0,TRUE
2184,0,0,TRUE
2185,0,0,TRUE
2187,0,0,TRUE
2196,0,0,TRUE
2197,1,1,TRUE
2199,0,1,FALSE
2200,0,0,TRUE
2201,0,0,TRUE
2202,1,1,TRUE
2206,0,0,TRUE
2208,1,1,TRUE
2218,0,0,TRUE
2223,1,1,TRUE
2224,1,1,TRUE
2226,0,0,TRUE
2228,1,1,TRUE
2232,1,1,TRUE
2234,1,1,TRUE
2243,1,1,TRUE
2247,0,0,TRUE
2249,1,1,TRUE
2252,1,1,TRUE
2253,1,1,TRUE
2259,0,0,TRUE
2261,0,0,TRUE
2264,0,0,TRUE
2268,0,0,TRUE
2269,0,0,TRUE
2270,0,0,TRUE
2276,1,1,TRUE
2283,0,0,TRUE
2287,0,0,TRUE
2290,0,0,TRUE
2291,0,0,TRUE
2293,0,0,TRUE
2295,0,0,TRUE
2302,0,0,TRUE
2305,0,0,TRUE
2310,1,1,TRUE
2313,1,1,TRUE
2316,1,1,TRUE
2320,0,0,TRUE
2322,0,0,TRUE
2323,1,1,TRUE
2326,0,0,TRUE
2328,1,1,TRUE
2331,0,0,TRUE
2335,1,1,TRUE
2338,0,0,TRUE
2343,0,0,TRUE
2344,0,0,TRUE
2345,0,1,FALSE
2353,1,1,TRUE
2355,0,0,TRUE
2357,0,0,TRUE
2360,1,1,TRUE
2365,0,0,TRUE
2369,0,0,TRUE
2371,0,0,TRUE
2378,0,0,TRUE
2380,1,1,TRUE
2381,0,0,TRUE
2383,1,1,TRUE
2384,0,0,TRUE
2392,1,1,TRUE
2393,0,0,TRUE
2401,0,0,TRUE
2403,0,1,FALSE
2404,0,0,TRUE
2405,0,0,TRUE
2407,0,0,TRUE
2411,0,0,TRUE
2424,0,0,TRUE
2426,0,0,TRUE
2431,0,0,TRUE
2433,0,0,TRUE
2434,0,0,TRUE
2436,0,0,TRUE
2439,0,0,TRUE
2444,0,0,TRUE
2447,0,0,TRUE
2448,0,0,TRUE
2449,0,0,TRUE
2450,0,0,TRUE
2461,1,1,TRUE
2469,0,0,TRUE
2472,0,0,TRUE
2473,0,0,TRUE
2474,0,0,TRUE
2477,0,0,TRUE
2481,0,0,TRUE
2484,0,0,TRUE
2495,0,1,FALSE
2503,0,0,TRUE
2509,1,1,TRUE
2511,1,1,TRUE
2518,1,1,TRUE
2522,1,1,TRUE
2525,1,1,TRUE
2526,1,1,TRUE
2529,0,0,TRUE
2533,0,0,TRUE
2549,0,0,TRUE
2551,0,0,TRUE
2558,1,1,TRUE
2562,1,1,TRUE
2563,1,0,FALSE
2567,0,0,TRUE
2574,1,1,TRUE
2577,1,1,TRUE
2578,0,0,TRUE
2580,1,1,TRUE
2581,0,1,FALSE
2583,1,1,TRUE
2584,0,0,TRUE
2586,1,1,TRUE
2589,1,1,TRUE
2595,0,0,TRUE
2596,1,1,TRUE
2600,1,1,TRUE
2601,1,1,TRUE
2607,0,0,TRUE
2610,0,0,TRUE
2613,0,0,TRUE
2615,0,1,FALSE
2618,0,0,TRUE
2620,0,0,TRUE
2623,1,1,TRUE
2626,0,0,TRUE
2630,0,0,TRUE
2634,1,1,TRUE
2636,1,1,TRUE
2638,0,0,TRUE
2639,1,1,TRUE
2646,0,0,TRUE
2650,1,1,TRUE
2652,0,0,TRUE
2653,0,0,TRUE
2654,0,0,TRUE
2662,0,0,TRUE
2665,0,0,TRUE
2669,0,0,TRUE
2674,0,0,TRUE
2678,0,0,TRUE
2681,0,0,TRUE
2685,0,0,TRUE
2686,0,0,TRUE
2690,0,0,TRUE
2697,0,0,TRUE
2699,0,0,TRUE
2704,0,0,TRUE
2705,0,0,TRUE
2710,0,0,TRUE
2712,0,0,TRUE
2713,0,0,TRUE
2716,0,0,TRUE
2717,0,0,TRUE
2718,0,0,TRUE
2721,0,0,TRUE
2722,0,0,TRUE
2735,0,0,TRUE
2737,0,0,TRUE
2738,0,0,TRUE
2742,0,0,TRUE
2745,0,0,TRUE
2746,0,0,TRUE
2747,0,0,TRUE
2750,0,0,TRUE
2751,0,0,TRUE
2754,0,0,TRUE
2762,1,1,TRUE
2764,0,0,TRUE
2772,0,0,TRUE
2775,0,0,TRUE
2776,0,0,TRUE
2779,0,0,TRUE
2781,0,0,TRUE
2789,0,0,TRUE
2790,0,0,TRUE
2791,0,0,TRUE
2798,0,0,TRUE
2800,0,0,TRUE
2804,1,1,TRUE
2805,0,0,TRUE
2806,0,1,FALSE
2809,0,0,TRUE
2810,1,1,TRUE
2812,1,1,TRUE
2814,1,1,TRUE
2816,0,1,FALSE
2818,1,1,TRUE
2823,0,0,TRUE
2824,1,1,TRUE
2834,1,1,TRUE
2837,0,0,TRUE
2840,0,0,TRUE
2845,1,1,TRUE
2847,1,1,TRUE
2848,0,0,TRUE
2850,0,0,TRUE
2859,1,1,TRUE
2862,0,0,TRUE
2868,1,1,TRUE
2874,0,0,TRUE
2876,0,0,TRUE
2892,0,0,TRUE
2894,1,1,TRUE
2897,1,0,FALSE
2901,1,1,TRUE
2903,0,0,TRUE
2904,0,0,TRUE
2906,0,0,TRUE
2914,0,0,TRUE
2918,0,0,TRUE
2919,0,0,TRUE
2923,0,0,TRUE
2926,0,0,TRUE
2928,0,0,TRUE
2930,0,0,TRUE
2938,0,0,TRUE
2940,0,0,TRUE
2949,0,0,TRUE
2951,0,0,TRUE
2958,0,0,TRUE
2961,0,0,TRUE
2962,1,1,TRUE
2964,0,0,TRUE
2966,0,0,TRUE
2967,0,0,TRUE
2968,0,0,TRUE
2972,0,0,TRUE
2977,0,0,TRUE
2978,1,1,TRUE
2979,0,0,TRUE
2981,0,0,TRUE
2985,0,0,TRUE
2986,0,0,TRUE
2989,1,1,TRUE
2994,0,0,TRUE
2996,1,1,TRUE
2997,0,0,TRUE
2999,0,0,TRUE
3002,0,0,TRUE
3007,0,0,TRUE
3008,0,0,TRUE
3017,0,0,TRUE
3020,0,0,TRUE
3024,1,1,TRUE
3028,0,0,TRUE
3031,1,1,TRUE
3032,1,1,TRUE
3033,0,0,TRUE
3035,1,1,TRUE
3040,0,0,TRUE
3041,1,1,TRUE
3046,0,0,TRUE
3050,1,1,TRUE
3063,1,1,TRUE
3065,0,0,TRUE
3067,1,1,TRUE
3069,0,1,FALSE
3076,1,1,TRUE
3078,0,0,TRUE
3081,0,0,TRUE
3087,1,0,FALSE
3088,1,1,TRUE
3094,0,1,FALSE
3096,0,0,TRUE
3098,1,1,TRUE
3103,1,1,TRUE
3110,1,1,TRUE
3113,1,1,TRUE
3121,1,1,TRUE
3127,1,1,TRUE
3128,1,1,TRUE
3129,1,1,TRUE
3135,1,1,TRUE
3143,1,1,TRUE
3146,1,1,TRUE
3148,1,1,TRUE
3149,1,1,TRUE
3151,1,1,TRUE
3156,0,0,TRUE
3160,0,0,TRUE
3164,0,0,TRUE
3169,0,0,TRUE
3178,0,0,TRUE
3187,0,0,TRUE
3194,0,0,TRUE
3202,0,0,TRUE
3203,0,0,TRUE
3204,0,0,TRUE
3206,1,1,TRUE
3207,0,0,TRUE
3208,0,0,TRUE
3209,1,1,TRUE
3213,0,0,TRUE
3214,0,0,TRUE
3215,0,0,TRUE
3220,0,0,TRUE
3223,0,0,TRUE
3224,0,0,TRUE
3226,0,0,TRUE
3228,0,0,TRUE
3230,0,0,TRUE
3232,0,0,TRUE
3233,0,0,TRUE
3234,0,0,TRUE
3238,0,0,TRUE
3246,0,0,TRUE
3247,1,1,TRUE
3250,0,0,TRUE
3251,0,0,TRUE
3254,0,0,TRUE
3257,1,1,TRUE
3258,0,0,TRUE
3261,0,0,TRUE
3267,0,0,TRUE
3268,0,0,TRUE
3269,0,0,TRUE
3271,0,0,TRUE
3272,0,0,TRUE
3273,0,0,TRUE
3279,0,0,TRUE
3290,0,0,TRUE
3291,0,0,TRUE
3293,0,0,TRUE
3294,0,0,TRUE
3298,0,0,TRUE
3305,1,1,TRUE
3306,0,0,TRUE
3307,0,0,TRUE
3310,0,0,TRUE
3313,0,0,TRUE
3314,0,0,TRUE
3315,0,0,TRUE
3316,0,0,TRUE
3321,0,0,TRUE
3325,0,0,TRUE
3326,0,0,TRUE
3327,0,0,TRUE
3330,1,1,TRUE
3331,0,0,TRUE
3332,0,0,TRUE
3333,0,0,TRUE
3343,0,0,TRUE
3344,0,0,TRUE
3348,0,0,TRUE
3349,0,0,TRUE
3350,0,0,TRUE
3352,0,0,TRUE
3353,0,0,TRUE
3354,0,0,TRUE
3358,0,1,FALSE
3360,1,1,TRUE
3366,0,0,TRUE
3371,0,0,TRUE
3374,0,0,TRUE
3375,0,0,TRUE
3378,0,0,TRUE
3382,1,0,FALSE
3384,0,0,TRUE
3385,0,0,TRUE
3386,0,0,TRUE
3392,1,0,FALSE
3399,0,0,TRUE
3407,0,0,TRUE
3409,0,0,TRUE
3416,1,1,TRUE
3420,0,0,TRUE
3422,1,1,TRUE
3424,0,0,TRUE
3426,1,1,TRUE
3427,0,0,TRUE
3434,0,0,TRUE
3438,0,0,TRUE
3441,0,0,TRUE
3442,0,0,TRUE
3443,0,0,TRUE
3444,1,0,FALSE
3449,0,0,TRUE
3453,1,1,TRUE
3454,0,0,TRUE
3456,1,1,TRUE
3457,1,1,TRUE
3458,1,1,TRUE
3461,1,1,TRUE
3467,0,0,TRUE
3479,0,0,TRUE
3488,1,1,TRUE
3491,1,1,TRUE
3496,1,1,TRUE
3502,0,0,TRUE
3507,1,1,TRUE
3511,1,1,TRUE
3515,1,1,TRUE
3516,1,1,TRUE
3538,0,0,TRUE
3539,1,1,TRUE
3541,1,1,TRUE
3545,1,1,TRUE
3546,1,1,TRUE
3547,1,1,TRUE
3551,1,1,TRUE
3553,0,0,TRUE
3556,0,0,TRUE
3558,0,0,TRUE
3559,0,0,TRUE
3561,0,0,TRUE
3562,0,0,TRUE
3563,0,0,TRUE
3564,0,0,TRUE
3571,0,0,TRUE
3574,0,0,TRUE
3576,0,0,TRUE
3577,0,0,TRUE
3579,0,0,TRUE
3580,1,1,TRUE
3586,0,0,TRUE
3590,0,0,TRUE
3599,0,0,TRUE
3600,0,0,TRUE
3601,0,0,TRUE
3605,0,0,TRUE
3606,0,0,TRUE
3612,0,0,TRUE
3614,0,0,TRUE
3615,0,0,TRUE
3616,0,0,TRUE
3620,0,0,TRUE
3622,0,0,TRUE
3624,0,0,TRUE
3630,0,0,TRUE
3644,0,0,TRUE
3649,0,0,TRUE
3651,0,0,TRUE
3654,0,0,TRUE
3665,0,0,TRUE
3668,0,0,TRUE
3671,0,0,TRUE
3672,0,0,TRUE
3673,0,0,TRUE
3677,0,0,TRUE
3678,0,0,TRUE
3687,0,0,TRUE
3688,0,0,TRUE
3693,0,0,TRUE
3698,0,0,TRUE
3699,0,0,TRUE
3701,1,1,TRUE
3703,0,0,TRUE
3706,0,0,TRUE
3707,0,0,TRUE
3709,0,0,TRUE
3711,0,0,TRUE
3714,0,0,TRUE
3716,0,0,TRUE
3720,1,1,TRUE
3728,0,0,TRUE
3731,0,0,TRUE
3732,0,0,TRUE
3733,0,0,TRUE
3734,0,0,TRUE
3740,0,0,TRUE
3746,0,0,TRUE
3749,0,0,TRUE
3751,0,0,TRUE
3755,0,0,TRUE
3757,0,0,TRUE
3762,0,0,TRUE
3767,0,0,TRUE
3769,0,0,TRUE
3779,0,0,TRUE
3781,0,0,TRUE
3782,0,0,TRUE
3783,1,1,TRUE
3784,1,1,TRUE
3790,0,0,TRUE
3791,0,0,TRUE
3792,1,1,TRUE
3794,0,0,TRUE
3799,0,0,TRUE
3801,0,0,TRUE
3804,0,0,TRUE
3808,0,0,TRUE
3809,0,0,TRUE
3811,0,0,TRUE
3813,0,0,TRUE
3817,0,0,TRUE
3818,0,0,TRUE
3823,0,0,TRUE
3843,0,0,TRUE
3844,0,0,TRUE
3846,0,0,TRUE
3847,1,1,TRUE
3852,0,0,TRUE
3854,0,0,TRUE
3856,0,0,TRUE
3863,0,0,TRUE
3865,0,0,TRUE
3867,0,0,TRUE
3871,0,0,TRUE
3872,0,0,TRUE
3878,0,0,TRUE
3880,0,0,TRUE
3881,0,0,TRUE
3882,0,0,TRUE
3883,0,0,TRUE
3884,0,0,TRUE
3885,0,0,TRUE
3886,0,0,TRUE
3890,0,0,TRUE
3891,1,0,FALSE
3898,1,1,TRUE
3902,0,0,TRUE
3909,0,0,TRUE
3910,0,0,TRUE
3912,0,0,TRUE
3915,1,1,TRUE
3918,0,0,TRUE
3920,1,1,TRUE
3925,0,0,TRUE
3928,0,0,TRUE
3929,0,0,TRUE
3930,1,1,TRUE
3931,0,0,TRUE
3934,0,0,TRUE
3939,0,0,TRUE
3941,0,0,TRUE
3942,1,0,FALSE
3943,0,0,TRUE
3946,0,0,TRUE
3963,1,0,FALSE
3965,1,1,TRUE
3966,0,0,TRUE
3971,0,0,TRUE
3972,1,1,TRUE
3974,0,0,TRUE
3976,1,1,TRUE
3978,0,0,TRUE
3981,0,1,FALSE
3985,1,1,TRUE
3986,0,0,TRUE
3987,1,1,TRUE
3988,1,1,TRUE
3991,1,1,TRUE
3999,1,1,TRUE
4001,0,0,TRUE
4002,1,1,TRUE
4004,1,1,TRUE
4007,1,1,TRUE
4009,1,1,TRUE
4013,0,0,TRUE
4015,0,0,TRUE
4016,1,1,TRUE
4023,0,1,FALSE
4031,1,1,TRUE
4035,0,0,TRUE
4036,0,0,TRUE
4037,0,0,TRUE
4040,1,1,TRUE
4048,1,1,TRUE
4053,1,1,TRUE
4056,1,1,TRUE
4059,0,0,TRUE
4066,1,1,TRUE
4067,0,0,TRUE
4069,0,0,TRUE
4070,0,0,TRUE
4071,1,1,TRUE
4073,1,1,TRUE
4074,1,1,TRUE
4075,1,1,TRUE
4082,1,1,TRUE
4090,0,0,TRUE
4099,1,1,TRUE
4102,1,1,TRUE
4106,0,0,TRUE
4109,0,0,TRUE
4110,1,1,TRUE
4115,1,1,TRUE
4118,1,1,TRUE
4120,1,1,TRUE
4125,1,1,TRUE
4126,1,1,TRUE
4130,1,1,TRUE
4134,1,1,TRUE
4136,1,1,TRUE
4137,1,1,TRUE
4144,1,1,TRUE
4148,0,0,TRUE
4151,0,0,TRUE
4155,0,0,TRUE
4162,0,0,TRUE
4165,0,0,TRUE
4169,0,0,TRUE
4174,0,0,TRUE
4179,0,0,TRUE
4185,0,0,TRUE
4186,0,0,TRUE
4187,0,0,TRUE
4188,0,0,TRUE
4190,0,0,TRUE
4192,0,0,TRUE
4193,0,0,TRUE
4194,0,0,TRUE
4195,0,0,TRUE
4196,0,0,TRUE
4207,1,1,TRUE
4208,1,1,TRUE
4215,1,1,TRUE
4217,1,1,TRUE
4222,0,0,TRUE
4223,1,1,TRUE
4226,0,0,TRUE
4228,0,0,TRUE
4229,0,0,TRUE
4231,1,1,TRUE
4234,0,0,TRUE
4236,0,0,TRUE
4249,0,0,TRUE
4254,0,0,TRUE
4258,0,0,TRUE
4259,0,0,TRUE
4263,0,0,TRUE
4267,0,0,TRUE
4277,0,0,TRUE
4278,0,0,TRUE
4280,0,0,TRUE
4283,0,0,TRUE
4285,0,0,TRUE
4286,0,0,TRUE
4287,0,0,TRUE
4290,0,0,TRUE
4291,0,0,TRUE
4294,0,0,TRUE
4302,1,1,TRUE
4308,1,1,TRUE
4310,0,0,TRUE
4311,1,1,TRUE
4315,1,1,TRUE
4316,0,0,TRUE
4319,0,0,TRUE
4331,1,0,FALSE
4338,1,1,TRUE
4339,1,1,TRUE
4340,1,1,TRUE
4344,1,1,TRUE
4346,1,1,TRUE
4347,1,1,TRUE
4360,1,1,TRUE
4364,1,1,TRUE
4367,1,1,TRUE
4369,1,1,TRUE
4370,1,1,TRUE
4371,0,0,TRUE
4380,1,1,TRUE
4386,1,1,TRUE
4389,1,1,TRUE
4390,1,1,TRUE
4394,0,1,FALSE
4399,0,0,TRUE
4400,0,0,TRUE
4404,0,0,TRUE
4409,0,0,TRUE
4414,0,0,TRUE
4417,0,0,TRUE
4418,0,0,TRUE
4419,0,0,TRUE
4420,0,0,TRUE
4422,0,0,TRUE
4429,0,0,TRUE
4431,0,0,TRUE
4433,0,0,TRUE
4434,0,0,TRUE
4439,0,0,TRUE
4443,0,0,TRUE
4446,0,0,TRUE
4447,0,0,TRUE
4453,0,0,TRUE
4460,1,1,TRUE
4461,0,0,TRUE
4462,0,0,TRUE
4467,0,0,TRUE
4469,0,1,FALSE
4473,0,0,TRUE
4474,0,0,TRUE
4475,0,0,TRUE
4477,0,0,TRUE
4481,0,0,TRUE
4483,0,0,TRUE
4484,0,0,TRUE
4485,0,0,TRUE
4495,0,0,TRUE
4497,0,0,TRUE
4500,0,0,TRUE
4501,0,0,TRUE
4502,0,0,TRUE
4505,0,0,TRUE
4506,0,0,TRUE
4510,0,0,TRUE
4512,0,0,TRUE
4513,0,0,TRUE
4532,0,0,TRUE
4535,0,0,TRUE
4536,0,0,TRUE
4540,0,0,TRUE
4545,1,0,FALSE
4552,1,1,TRUE
4554,1,1,TRUE
4555,0,0,TRUE
4558,1,1,TRUE
4559,1,1,TRUE
4560,0,0,TRUE
4566,0,0,TRUE
4570,0,0,TRUE
4572,0,0,TRUE
4574,0,0,TRUE
4581,1,1,TRUE
4583,1,1,TRUE
4586,1,1,TRUE
4591,1,1,TRUE
4594,0,0,TRUE
4603,0,0,TRUE
4605,0,0,TRUE
4612,0,0,TRUE
4613,0,0,TRUE
4615,0,0,TRUE
4618,0,0,TRUE
4621,0,0,TRUE
4623,0,0,TRUE
4626,0,0,TRUE
4629,0,0,TRUE
4633,0,0,TRUE
4636,0,0,TRUE
4638,0,0,TRUE
4640,0,0,TRUE
4643,0,0,TRUE
4645,0,0,TRUE
4647,0,0,TRUE
4648,0,0,TRUE
4651,0,0,TRUE
4652,0,0,TRUE
4653,0,0,TRUE
4654,1,1,TRUE
4660,0,0,TRUE
4662,0,0,TRUE
4663,0,0,TRUE
4665,0,0,TRUE
4668,0,0,TRUE
4676,0,0,TRUE
4683,1,1,TRUE
4685,1,1,TRUE
4686,0,0,TRUE
4701,0,0,TRUE
4718,0,0,TRUE
4721,0,0,TRUE
4727,0,0,TRUE
4728,1,1,TRUE
4733,1,1,TRUE
4741,0,0,TRUE
4743,1,1,TRUE
4746,0,0,TRUE
4751,0,0,TRUE
4756,1,1,TRUE
4761,0,0,TRUE
4763,1,1,TRUE
4764,1,1,TRUE
4767,1,1,TRUE
4772,1,1,TRUE
4776,1,1,TRUE
4780,1,1,TRUE
4781,1,1,TRUE
4792,1,1,TRUE
4796,1,1,TRUE
4801,1,1,TRUE
4804,0,0,TRUE
4805,1,1,TRUE
4806,1,1,TRUE
4811,0,0,TRUE
4815,1,1,TRUE
4816,0,1,FALSE
4817,1,1,TRUE
4818,1,0,FALSE
4822,0,0,TRUE
4824,1,1,TRUE
4827,1,1,TRUE
4837,0,0,TRUE
4838,1,1,TRUE
4839,1,1,TRUE
4841,1,1,TRUE
4851,1,1,TRUE
4855,1,1,TRUE
4861,0,0,TRUE
4862,0,0,TRUE
4863,0,0,TRUE
4865,0,0,TRUE
4871,0,0,TRUE
4873,0,0,TRUE
4880,0,0,TRUE
4885,0,0,TRUE
4886,0,0,TRUE
4902,0,0,TRUE
4904,0,0,TRUE
4907,0,0,TRUE
4916,0,0,TRUE
4921,0,0,TRUE
4925,0,0,TRUE
4927,0,0,TRUE
4928,0,0,TRUE
4930,0,0,TRUE
4932,0,0,TRUE
4933,0,0,TRUE
4937,1,1,TRUE
4939,1,1,TRUE
4941,0,0,TRUE
4942,0,0,TRUE
4947,0,0,TRUE
4949,0,0,TRUE
4950,0,0,TRUE
4956,0,0,TRUE
4960,0,0,TRUE
4963,0,0,TRUE
4965,1,0,FALSE
4976,0,0,TRUE
4977,0,0,TRUE
4987,0,0,TRUE
4991,0,0,TRUE
4994,0,0,TRUE
4999,0,0,TRUE
5003,1,1,TRUE
5006,0,0,TRUE
5009,0,0,TRUE
5011,0,0,TRUE
5012,1,1,TRUE
5014,0,0,TRUE
5020,0,0,TRUE
5021,0,0,TRUE
5023,0,0,TRUE
5026,0,0,TRUE
5030,0,0,TRUE
5031,1,1,TRUE
5036,1,1,TRUE
5042,0,0,TRUE
5045,1,1,TRUE
5048,1,1,TRUE
5051,0,0,TRUE
5053,0,0,TRUE
5054,0,0,TRUE
5057,0,0,TRUE
5058,0,0,TRUE
5066,1,1,TRUE
5070,1,1,TRUE
5077,1,1,TRUE
5081,1,1,TRUE
5084,0,0,TRUE
5086,0,0,TRUE
5090,1,1,TRUE
5091,1,1,TRUE
5093,0,0,TRUE
5100,0,0,TRUE
5108,1,1,TRUE
5111,1,1,TRUE
5112,1,1,TRUE
5118,0,0,TRUE
5121,1,1,TRUE
5123,1,1,TRUE
5129,1,1,TRUE
5133,0,0,TRUE
5143,0,0,TRUE
5147,0,0,TRUE
5151,1,1,TRUE
5156,1,1,TRUE
5158,1,1,TRUE
5161,0,0,TRUE
5163,1,0,FALSE
5167,1,1,TRUE
5173,1,1,TRUE
5205,0,0,TRUE
5214,0,0,TRUE
5215,0,0,TRUE
5216,0,0,TRUE
5217,0,0,TRUE
5225,0,0,TRUE
5237,0,0,TRUE
5239,0,0,TRUE
5240,0,0,TRUE
5241,0,0,TRUE
5246,0,0,TRUE
5250,0,0,TRUE
5253,0,0,TRUE
5258,0,0,TRUE
5261,0,0,TRUE
5268,0,0,TRUE
5275,0,0,TRUE
5277,1,0,FALSE
5279,0,0,TRUE
5288,0,0,TRUE
5289,0,0,TRUE
5294,1,1,TRUE
5303,0,0,TRUE
5307,0,0,TRUE
5311,1,0,FALSE
5312,0,0,TRUE
5314,1,1,TRUE
5318,0,0,TRUE
5327,0,0,TRUE
5329,1,1,TRUE
5333,0,0,TRUE
5334,1,1,TRUE
5340,0,0,TRUE
5348,1,1,TRUE
5358,0,0,TRUE
5360,1,1,TRUE
5361,0,0,TRUE
5363,1,1,TRUE
5364,0,0,TRUE
5369,1,1,TRUE
5370,0,0,TRUE
5374,1,1,TRUE
5376,1,1,TRUE
5388,0,0,TRUE
5390,1,0,FALSE
5393,1,1,TRUE
5394,1,1,TRUE
5395,1,1,TRUE
5398,1,1,TRUE
5399,1,1,TRUE
5401,0,0,TRUE
5402,1,1,TRUE
5405,1,1,TRUE
5414,1,1,TRUE
5415,1,1,TRUE
5419,0,0,TRUE
5421,0,0,TRUE
5422,0,0,TRUE
5424,0,0,TRUE
5427,1,1,TRUE
5429,0,0,TRUE
5431,1,1,TRUE
5433,0,0,TRUE
5434,1,1,TRUE
5435,0,0,TRUE
5436,0,0,TRUE
5438,1,1,TRUE
5440,1,1,TRUE
5441,0,0,TRUE
5447,0,0,TRUE
5451,0,0,TRUE
5453,0,0,TRUE
5456,0,0,TRUE
5457,1,1,TRUE
5463,0,0,TRUE
5464,0,0,TRUE
5470,0,0,TRUE
5472,0,0,TRUE
5474,0,0,TRUE
5478,0,0,TRUE
5483,0,0,TRUE
5490,0,0,TRUE
5500,0,0,TRUE
5504,0,0,TRUE
5508,0,0,TRUE
5511,0,0,TRUE
5512,0,0,TRUE
5513,0,0,TRUE
5516,0,0,TRUE
5523,0,0,TRUE
5527,0,0,TRUE
5530,0,0,TRUE
5533,0,0,TRUE
5536,0,0,TRUE
5537,0,0,TRUE
5542,0,0,TRUE
5543,0,0,TRUE
5546,0,0,TRUE
5549,0,0,TRUE
5550,0,0,TRUE
5551,0,0,TRUE
5562,0,0,TRUE
5566,0,0,TRUE
5568,0,1,FALSE
5571,1,1,TRUE
5572,1,1,TRUE
5574,0,0,TRUE
5583,0,0,TRUE
5585,0,0,TRUE
5591,0,0,TRUE
5596,0,0,TRUE
5597,0,0,TRUE
5601,1,1,TRUE
5606,1,1,TRUE
5607,0,0,TRUE
5610,0,0,TRUE
5615,0,0,TRUE
5616,1,1,TRUE
5623,0,1,FALSE
5630,0,0,TRUE
5636,1,1,TRUE
5637,0,0,TRUE
5639,1,0,FALSE
5640,1,1,TRUE
5643,1,1,TRUE
5648,0,0,TRUE
5649,0,0,TRUE
5660,0,0,TRUE
5666,1,1,TRUE
5667,1,1,TRUE
5678,1,0,FALSE
5679,0,1,FALSE
5681,1,1,TRUE
5682,1,1,TRUE
5691,0,1,FALSE
5696,1,1,TRUE
5697,1,1,TRUE
5700,0,0,TRUE
5701,0,0,TRUE
5702,1,1,TRUE
5708,1,1,TRUE
5709,1,1,TRUE
5718,1,1,TRUE
5723,1,1,TRUE
5725,1,1,TRUE
5728,1,1,TRUE
5731,1,1,TRUE
5735,1,1,TRUE
5737,1,1,TRUE
5738,1,1,TRUE
5742,1,1,TRUE
5747,1,1,TRUE
5749,1,1,TRUE
5750,1,1,TRUE
5755,1,1,TRUE
5756,1,1,TRUE
5761,1,1,TRUE
5762,1,1,TRUE
5767,1,1,TRUE
5768,1,1,TRUE
5770,1,1,TRUE
5773,1,1,TRUE
5774,0,0,TRUE
5779,1,1,TRUE
5782,1,1,TRUE
5785,0,0,TRUE
5786,1,1,TRUE
5787,1,1,TRUE
5788,1,1,TRUE
5796,0,0,TRUE
5802,0,0,TRUE
5806,1,1,TRUE
5809,0,0,TRUE
5810,0,0,TRUE
5811,1,1,TRUE
5813,1,1,TRUE
5820,0,0,TRUE
5823,0,0,TRUE
5830,1,1,TRUE
5831,0,0,TRUE
5838,1,1,TRUE
5839,1,1,TRUE
5844,1,1,TRUE
5846,1,1,TRUE
5851,1,1,TRUE
5852,1,1,TRUE
5857,1,0,FALSE
5859,0,1,FALSE
5860,1,1,TRUE
5862,1,1,TRUE
5865,1,1,TRUE
5866,1,1,TRUE
5871,1,1,TRUE
5872,1,1,TRUE
5877,1,1,TRUE
5878,1,1,TRUE
5879,1,1,TRUE
5880,0,0,TRUE
5895,0,0,TRUE
5897,0,0,TRUE
5910,0,0,TRUE
5914,0,0,TRUE
5915,0,0,TRUE
5917,0,0,TRUE
5924,0,0,TRUE
5926,0,0,TRUE
5931,0,0,TRUE
5936,0,0,TRUE
5940,0,0,TRUE
5941,0,0,TRUE
5945,0,0,TRUE
5946,0,0,TRUE
5948,1,1,TRUE
5951,0,0,TRUE
5967,0,0,TRUE
5968,0,0,TRUE
5969,0,0,TRUE
5970,0,0,TRUE
5971,0,0,TRUE
5973,0,0,TRUE
5976,0,0,TRUE
5977,0,0,TRUE
5984,0,0,TRUE
5986,0,1,FALSE
5993,0,1,FALSE
5994,1,1,TRUE
6005,1,1,TRUE
6006,1,1,TRUE
6008,0,1,FALSE
6010,1,1,TRUE
6011,0,0,TRUE
6014,0,1,FALSE
6016,0,1,FALSE
6018,0,0,TRUE
6021,0,1,FALSE
6025,1,1,TRUE
6028,0,0,TRUE
6029,1,1,TRUE
6035,0,0,TRUE
6040,0,0,TRUE
6042,0,1,FALSE
6044,0,0,TRUE
6046,0,1,FALSE
6052,1,1,TRUE
6054,1,1,TRUE
6062,1,1,TRUE
6063,0,0,TRUE
6067,1,1,TRUE
6068,1,1,TRUE
6077,0,0,TRUE
6079,0,0,TRUE
6080,1,1,TRUE
6081,1,1,TRUE
6082,1,1,TRUE
6089,0,0,TRUE
6095,0,0,TRUE
6101,0,0,TRUE
6107,0,0,TRUE
6114,0,0,TRUE
6117,0,0,TRUE
6121,0,0,TRUE
6122,0,0,TRUE
6124,0,0,TRUE
6129,0,0,TRUE
6131,0,0,TRUE
6136,1,1,TRUE
6139,0,0,TRUE
6142,0,1,FALSE
6143,1,1,TRUE
6144,1,1,TRUE
6149,0,1,FALSE
6155,1,1,TRUE
6157,0,0,TRUE
6158,0,0,TRUE
6161,1,1,TRUE
6168,1,1,TRUE
6172,1,1,TRUE
6176,1,1,TRUE
6177,0,1,FALSE
6179,1,1,TRUE
6180,1,1,TRUE
6182,0,0,TRUE
6186,0,0,TRUE
6189,0,0,TRUE
6190,0,0,TRUE
6194,1,1,TRUE
6204,0,0,TRUE
6205,0,0,TRUE
6209,0,0,TRUE
6210,0,0,TRUE
6212,0,0,TRUE
6214,1,1,TRUE
6221,1,1,TRUE
6225,1,1,TRUE
6228,0,0,TRUE
6229,0,0,TRUE
6231,0,0,TRUE
6235,0,0,TRUE
6236,0,0,TRUE
6237,1,1,TRUE
6238,0,1,FALSE
6239,0,0,TRUE
6242,0,0,TRUE
6249,0,0,TRUE
6250,0,0,TRUE
6251,0,0,TRUE
6252,1,1,TRUE
6260,0,0,TRUE
6264,0,0,TRUE
6266,1,0,FALSE
6270,0,0,TRUE
6275,0,0,TRUE
6279,0,0,TRUE
6280,0,0,TRUE
6284,0,0,TRUE
6285,0,1,FALSE
6286,1,1,TRUE
6287,1,1,TRUE
6288,0,0,TRUE
6289,1,1,TRUE
6290,0,0,TRUE
6291,1,1,TRUE
6295,1,1,TRUE
6298,1,1,TRUE
6307,1,1,TRUE
6308,0,0,TRUE
6309,1,1,TRUE
6313,0,0,TRUE
6316,1,1,TRUE
6319,0,0,TRUE
6321,1,0,FALSE
6324,0,0,TRUE
6327,0,0,TRUE
6333,1,1,TRUE
6351,1,1,TRUE
6352,1,1,TRUE
6353,0,0,TRUE
6357,1,1,TRUE
6359,1,1,TRUE
6360,1,1,TRUE
6364,1,1,TRUE
6367,1,1,TRUE
6368,1,1,TRUE
6377,1,1,TRUE
6378,1,1,TRUE
6379,0,0,TRUE
6381,1,1,TRUE
6390,1,1,TRUE
6401,0,0,TRUE
6408,0,0,TRUE
6409,1,1,TRUE
6411,0,0,TRUE
6419,1,0,FALSE
6424,1,1,TRUE
6426,1,1,TRUE
6428,0,0,TRUE
6431,0,0,TRUE
6432,1,1,TRUE
6433,0,0,TRUE
6435,1,1,TRUE
6437,0,0,TRUE
6439,1,1,TRUE
6442,1,0,FALSE
6444,1,1,TRUE
6447,1,1,TRUE
6456,1,1,TRUE
6457,0,0,TRUE
6460,0,0,TRUE
6468,0,0,TRUE
6471,1,1,TRUE
6475,0,1,FALSE
6476,1,1,TRUE
6479,1,1,TRUE
6483,1,1,TRUE
6487,1,1,TRUE
6488,0,0,TRUE
6489,0,0,TRUE
6496,0,0,TRUE
6498,0,0,TRUE
6502,0,0,TRUE
6503,0,0,TRUE
6507,0,0,TRUE
6508,0,0,TRUE
6509,0,0,TRUE
6517,0,0,TRUE
6521,0,0,TRUE
6522,0,0,TRUE
6524,0,0,TRUE
6526,0,0,TRUE
6531,1,1,TRUE
6533,0,0,TRUE
6538,0,0,TRUE
6539,1,0,FALSE
6544,1,1,TRUE
6557,0,0,TRUE
6558,0,0,TRUE
6562,0,0,TRUE
6563,0,0,TRUE
6564,0,0,TRUE
6574,0,0,TRUE
6578,0,0,TRUE
6581,0,0,TRUE
6584,0,0,TRUE
6587,0,0,TRUE
6589,0,0,TRUE
6590,0,0,TRUE
6592,0,0,TRUE
6595,0,0,TRUE
6599,0,0,TRUE
6600,0,0,TRUE
6606,0,0,TRUE
6609,0,0,TRUE
6612,0,0,TRUE
6615,0,0,TRUE
6618,0,0,TRUE
6620,0,0,TRUE
6623,0,0,TRUE
6633,0,0,TRUE
6639,1,1,TRUE
6640,0,0,TRUE
6641,1,1,TRUE
6645,0,0,TRUE
6650,1,0,FALSE
6651,1,0,FALSE
6652,0,0,TRUE
6657,0,0,TRUE
6659,0,0,TRUE
6666,1,1,TRUE
6671,0,0,TRUE
6673,1,1,TRUE
6674,0,0,TRUE
6677,0,0,TRUE
6680,0,0,TRUE
6684,0,0,TRUE
6685,0,0,TRUE
6691,0,0,TRUE
6692,0,0,TRUE
6696,1,0,FALSE
6698,0,0,TRUE
6704,0,0,TRUE
6705,0,0,TRUE
6710,0,0,TRUE
6713,0,0,TRUE
6715,0,0,TRUE
6717,0,0,TRUE
6718,0,0,TRUE
6720,0,0,TRUE
6728,0,0,TRUE
6732,0,0,TRUE
6733,0,0,TRUE
6739,0,0,TRUE
6740,0,0,TRUE
6741,0,0,TRUE
6743,0,0,TRUE
6747,0,0,TRUE
6750,1,1,TRUE
6752,1,1,TRUE
6753,0,0,TRUE
6755,1,1,TRUE
6761,0,0,TRUE
6763,0,1,FALSE
6768,0,0,TRUE
6770,0,0,TRUE
6771,1,0,FALSE
6777,0,0,TRUE
6778,0,0,TRUE
6780,0,0,TRUE
6782,1,1,TRUE
6786,1,1,TRUE
6791,0,1,FALSE
6797,0,0,TRUE
6798,0,0,TRUE
6803,0,0,TRUE
6805,0,0,TRUE
6812,0,0,TRUE
6816,0,0,TRUE
6818,0,0,TRUE
6822,0,0,TRUE
6825,0,0,TRUE
6826,0,0,TRUE
6827,0,0,TRUE
6829,0,0,TRUE
6831,0,0,TRUE
6836,0,0,TRUE
6838,0,0,TRUE
6840,0,0,TRUE
6842,0,0,TRUE
6846,0,0,TRUE
6851,1,1,TRUE
6853,1,1,TRUE
6856,0,0,TRUE
6859,1,1,TRUE
6865,1,1,TRUE
6866,1,1,TRUE
6868,1,1,TRUE
6869,1,1,TRUE
6871,1,1,TRUE
6873,0,0,TRUE
6886,1,1,TRUE
6887,1,1,TRUE
6888,1,1,TRUE
6889,1,1,TRUE
6891,1,0,FALSE
6894,1,1,TRUE
6895,0,0,TRUE
6899,1,1,TRUE
6901,1,1,TRUE
6902,1,1,TRUE
6904,1,1,TRUE
6906,1,1,TRUE
6922,1,1,TRUE
6923,0,0,TRUE
6924,0,0,TRUE
6927,1,1,TRUE
6934,0,0,TRUE
6938,0,0,TRUE
6941,0,0,TRUE
6942,0,0,TRUE
6944,1,1,TRUE
6947,0,0,TRUE
6952,1,1,TRUE
6957,1,1,TRUE
6958,1,1,TRUE
6964,1,1,TRUE
6968,0,0,TRUE
6969,1,1,TRUE
6976,0,0,TRUE
6982,1,1,TRUE
6986,1,1,TRUE
6987,1,1,TRUE
6989,1,1,TRUE
6991,1,1,TRUE
6993,0,0,TRUE
6995,0,0,TRUE
6997,0,0,TRUE
7000,0,0,TRUE
7003,0,0,TRUE
7004,0,0,TRUE
7007,0,0,TRUE
7011,0,0,TRUE
7014,0,0,TRUE
7016,0,0,TRUE
7017,0,0,TRUE
7020,0,0,TRUE
7022,0,0,TRUE
7028,0,0,TRUE
7033,0,0,TRUE
7034,1,1,TRUE
7035,0,0,TRUE
7038,0,0,TRUE
7040,0,0,TRUE
7041,0,0,TRUE
7042,0,0,TRUE
7045,0,0,TRUE
7049,0,0,TRUE
7055,0,0,TRUE
7057,0,0,TRUE
7062,0,0,TRUE
7064,0,0,TRUE
7066,0,0,TRUE
7067,0,0,TRUE
7072,0,0,TRUE
7079,0,0,TRUE
7082,0,0,TRUE
7083,0,0,TRUE
7084,0,0,TRUE
7085,0,0,TRUE
7087,0,0,TRUE
7090,0,0,TRUE
7094,0,0,TRUE
7096,1,1,TRUE
7099,0,0,TRUE
7100,0,0,TRUE
7101,0,0,TRUE
7102,0,0,TRUE
7103,0,0,TRUE
7107,0,0,TRUE
7110,0,0,TRUE
7113,0,0,TRUE
7117,0,0,TRUE
7119,0,0,TRUE
7123,1,1,TRUE
7127,0,0,TRUE
7133,1,1,TRUE
7139,0,0,TRUE
7143,0,0,TRUE
7145,0,0,TRUE
7151,1,1,TRUE
7152,0,0,TRUE
7153,0,0,TRUE
7156,0,0,TRUE
7162,0,0,TRUE
7170,1,0,FALSE
7172,0,0,TRUE
7177,0,0,TRUE
7181,0,0,TRUE
7182,1,1,TRUE
7189,0,0,TRUE
7190,0,0,TRUE
7200,0,0,TRUE
7207,1,1,TRUE
7209,0,1,FALSE
7212,1,1,TRUE
7216,0,0,TRUE
7217,1,1,TRUE
7219,1,1,TRUE
7220,0,0,TRUE
7222,1,1,TRUE
7225,1,1,TRUE
7233,0,0,TRUE
7237,0,1,FALSE
7238,1,1,TRUE
7239,1,1,TRUE
7240,1,1,TRUE
7243,1,1,TRUE
7245,1,1,TRUE
7246,1,0,FALSE
7249,1,1,TRUE
7257,1,1,TRUE
7258,1,1,TRUE
7259,1,1,TRUE
7262,1,1,TRUE
7263,1,1,TRUE
7269,1,1,TRUE
7271,1,1,TRUE
7273,1,1,TRUE
7276,1,1,TRUE
7279,1,1,TRUE
7282,1,1,TRUE
7284,1,1,TRUE
7293,1,1,TRUE
7298,1,1,TRUE
7303,0,0,TRUE
7304,0,1,FALSE
7305,0,0,TRUE
7308,1,1,TRUE
7313,0,0,TRUE
7314,1,1,TRUE
7321,0,0,TRUE
7322,0,0,TRUE
7327,0,0,TRUE
7333,0,0,TRUE
7336,0,0,TRUE
7339,1,1,TRUE
7341,0,0,TRUE
7346,0,0,TRUE
7347,0,0,TRUE
7349,0,0,TRUE
7351,0,0,TRUE
7353,0,0,TRUE
7363,0,0,TRUE
7364,0,0,TRUE
7368,1,0,FALSE
7370,0,0,TRUE
7375,0,0,TRUE
7376,0,0,TRUE
7379,0,0,TRUE
7382,0,0,TRUE
7384,0,0,TRUE
7385,0,0,TRUE
7387,0,0,TRUE
7388,0,0,TRUE
7389,0,0,TRUE
7394,0,0,TRUE
7396,0,0,TRUE
7398,0,0,TRUE
7399,0,0,TRUE
7401,0,0,TRUE
7404,0,0,TRUE
7406,0,0,TRUE
7409,0,0,TRUE
7411,0,0,TRUE
7417,0,0,TRUE
7420,0,0,TRUE
7422,0,0,TRUE
7423,0,0,TRUE
7427,1,1,TRUE
7429,0,0,TRUE
7432,0,0,TRUE
7435,0,0,TRUE
7436,1,1,TRUE
7440,1,1,TRUE
7441,0,0,TRUE
7445,0,0,TRUE
7448,0,0,TRUE
7449,0,0,TRUE
7450,0,0,TRUE
7454,0,0,TRUE
7455,0,0,TRUE
7460,0,0,TRUE
7462,0,0,TRUE
7464,0,0,TRUE
7466,0,0,TRUE
7468,0,0,TRUE
7469,0,0,TRUE
7471,0,0,TRUE
7472,0,0,TRUE
7483,0,0,TRUE
7484,0,0,TRUE
7485,0,0,TRUE
7486,0,0,TRUE
7487,0,0,TRUE
7489,1,1,TRUE
7492,0,0,TRUE
7495,1,1,TRUE
7499,1,1,TRUE
7500,1,1,TRUE
7506,1,1,TRUE
7508,1,1,TRUE
7509,1,1,TRUE
7511,1,1,TRUE
7516,1,1,TRUE
7524,1,1,TRUE
7538,1,1,TRUE
7539,1,1,TRUE
7541,1,1,TRUE
7546,1,1,TRUE
7549,1,1,TRUE
7562,1,1,TRUE
7564,1,1,TRUE
7567,1,1,TRUE
7572,1,1,TRUE
7574,1,1,TRUE
7575,1,1,TRUE
7586,1,1,TRUE
7592,1,1,TRUE
7596,0,0,TRUE
7597,1,1,TRUE
7599,0,0,TRUE
7606,0,0,TRUE
7615,0,0,TRUE
7618,0,0,TRUE
7620,0,0,TRUE
7624,0,0,TRUE
7625,0,0,TRUE
7629,0,0,TRUE
7632,0,0,TRUE
7636,0,0,TRUE
7637,0,0,TRUE
7646,0,0,TRUE
7655,0,0,TRUE
7658,0,0,TRUE
7660,0,0,TRUE
7664,0,0,TRUE
7665,0,0,TRUE
7666,0,0,TRUE
7667,0,0,TRUE
7673,0,0,TRUE
7676,0,0,TRUE
7682,0,0,TRUE
7684,0,0,TRUE
7690,0,0,TRUE
7697,0,0,TRUE
7700,0,0,TRUE
7704,0,0,TRUE
7705,0,0,TRUE
7706,0,0,TRUE
7708,0,0,TRUE
7709,0,0,TRUE
7710,0,0,TRUE
7713,0,0,TRUE
7716,0,0,TRUE
7726,0,0,TRUE
7729,0,0,TRUE
7730,0,0,TRUE
7732,0,0,TRUE
7734,0,0,TRUE
7740,0,0,TRUE
7741,0,0,TRUE
7745,1,1,TRUE
7757,1,1,TRUE
7762,1,1,TRUE
7770,1,1,TRUE
7776,1,1,TRUE
7777,0,0,TRUE
7778,1,1,TRUE
7779,0,0,TRUE
7782,0,0,TRUE
7786,1,1,TRUE
7791,1,1,TRUE
7792,1,1,TRUE
7794,1,1,TRUE
7795,0,0,TRUE
7796,0,0,TRUE
7798,0,0,TRUE
7805,0,0,TRUE
7806,0,0,TRUE
7808,0,0,TRUE
7811,0,0,TRUE
7814,0,0,TRUE
7819,0,0,TRUE
7820,1,0,FALSE
7825,0,0,TRUE
7829,0,0,TRUE
7834,0,0,TRUE
7836,0,0,TRUE
7838,0,0,TRUE
7841,0,0,TRUE
7845,1,1,TRUE
7846,0,0,TRUE
7853,0,0,TRUE
7856,0,0,TRUE
7858,0,0,TRUE
7859,1,1,TRUE
7866,0,0,TRUE
7875,1,1,TRUE
7879,0,0,TRUE
7884,0,0,TRUE
7886,1,1,TRUE
7890,0,0,TRUE
7892,0,0,TRUE
7896,0,0,TRUE
7899,1,1,TRUE
7900,1,1,TRUE
7901,0,0,TRUE
7904,0,1,FALSE
7911,0,0,TRUE
7917,0,0,TRUE
7919,1,1,TRUE
7920,1,1,TRUE
7921,1,1,TRUE
7922,0,0,TRUE
7925,1,1,TRUE
7927,0,0,TRUE
7928,1,1,TRUE
7931,0,0,TRUE
7942,0,0,TRUE
7946,1,1,TRUE
7947,0,0,TRUE
7948,0,0,TRUE
7951,1,1,TRUE
7956,0,0,TRUE
7961,1,1,TRUE
7964,1,1,TRUE
7966,1,1,TRUE
7967,0,0,TRUE
7974,1,1,TRUE
7975,0,0,TRUE
7979,1,1,TRUE
7985,1,1,TRUE
7986,1,1,TRUE
7993,0,0,TRUE
7995,1,1,TRUE
7997,0,0,TRUE
7998,1,1,TRUE
8004,1,1,TRUE
8007,1,1,TRUE
8011,0,0,TRUE
8014,1,1,TRUE
8022,0,0,TRUE
8027,0,0,TRUE
8033,1,1,TRUE
8041,0,0,TRUE
8042,1,1,TRUE
8046,0,0,TRUE
8048,0,0,TRUE
8050,1,1,TRUE
8051,1,1,TRUE
8052,1,1,TRUE
8053,1,1,TRUE
8054,0,1,FALSE
8059,0,0,TRUE
8063,1,1,TRUE
8072,0,0,TRUE
8075,0,0,TRUE
8076,0,0,TRUE
8077,1,1,TRUE
8078,1,1,TRUE
8080,0,0,TRUE
8082,0,0,TRUE
8086,0,0,TRUE
8090,1,1,TRUE
8092,0,0,TRUE
8093,0,0,TRUE
8099,1,1,TRUE
8104,1,1,TRUE
8107,1,1,TRUE
8108,0,0,TRUE
8114,0,0,TRUE
8115,1,1,TRUE
8117,1,1,TRUE
8123,1,1,TRUE
8124,1,1,TRUE
8127,1,1,TRUE
8132,0,0,TRUE
8134,1,1,TRUE
8139,0,0,TRUE
8145,1,1,TRUE
8148,1,1,TRUE
8151,1,1,TRUE
8152,1,1,TRUE
8153,1,1,TRUE
8157,0,0,TRUE
8160,1,1,TRUE
8166,1,1,TRUE
8167,1,1,TRUE
8173,1,1,TRUE
8174,1,1,TRUE
8178,1,1,TRUE
8179,0,0,TRUE
8185,1,1,TRUE
8186,1,1,TRUE
8192,1,0,FALSE
8193,0,0,TRUE
8194,0,0,TRUE
8197,0,0,TRUE
8198,0,0,TRUE
8199,0,0,TRUE
8200,0,0,TRUE
8206,0,0,TRUE
8207,0,0,TRUE
8220,0,0,TRUE
8222,0,0,TRUE
8227,0,0,TRUE
8228,0,0,TRUE
8229,0,0,TRUE
8230,1,1,TRUE
8233,1,1,TRUE
8248,0,0,TRUE
8249,1,1,TRUE
8255,0,0,TRUE
8260,1,1,TRUE
8263,1,1,TRUE
8265,1,1,TRUE
8268,0,0,TRUE
8269,0,0,TRUE
8272,1,1,TRUE
8273,1,1,TRUE
8275,1,1,TRUE
8277,0,1,FALSE
8281,0,0,TRUE
8282,0,0,TRUE
8290,1,1,TRUE
8293,1,1,TRUE
8299,0,0,TRUE
8302,0,0,TRUE
8303,0,0,TRUE
8305,0,0,TRUE
8306,0,0,TRUE
8307,0,0,TRUE
8308,0,0,TRUE
8313,1,0,FALSE
8316,0,0,TRUE
8319,0,0,TRUE
8322,1,1,TRUE
8323,1,1,TRUE
8325,0,0,TRUE
8326,0,0,TRUE
8327,0,0,TRUE
8328,0,0,TRUE
8331,0,0,TRUE
8333,1,1,TRUE
8336,0,0,TRUE
8338,0,0,TRUE
8340,0,0,TRUE
8342,0,0,TRUE
8343,0,0,TRUE
8353,0,0,TRUE
8354,0,0,TRUE
8357,0,0,TRUE
8358,0,0,TRUE
8359,0,0,TRUE
8373,0,0,TRUE
8376,0,0,TRUE
8379,0,0,TRUE
8380,0,0,TRUE
8381,0,0,TRUE
8384,0,0,TRUE
8395,1,1,TRUE
8398,1,1,TRUE
8403,0,0,TRUE
8407,1,1,TRUE
8413,1,1,TRUE
8417,1,1,TRUE
8420,1,1,TRUE
8421,0,0,TRUE
8424,1,1,TRUE
8426,1,1,TRUE
8427,1,1,TRUE
8438,1,1,TRUE
8439,0,0,TRUE
8442,0,0,TRUE
8449,0,0,TRUE
8456,0,0,TRUE
8460,0,0,TRUE
8462,0,0,TRUE
8465,0,0,TRUE
8466,0,0,TRUE
8467,0,0,TRUE
8469,0,0,TRUE
8470,0,0,TRUE
8474,0,0,TRUE
8479,0,0,TRUE
8481,0,0,TRUE
8482,0,0,TRUE
8485,0,0,TRUE
8488,0,0,TRUE
8492,0,0,TRUE
8493,0,0,TRUE
8495,0,0,TRUE
8499,0,0,TRUE
8501,0,0,TRUE
8519,0,0,TRUE
8521,0,0,TRUE
8525,0,0,TRUE
8527,0,0,TRUE
8529,0,0,TRUE
8532,0,0,TRUE
8534,0,0,TRUE
8535,0,0,TRUE
8537,0,0,TRUE
8544,0,0,TRUE
8548,0,0,TRUE
8549,0,0,TRUE
8552,0,0,TRUE
8554,0,0,TRUE
8563,0,0,TRUE
8564,0,0,TRUE
8565,0,0,TRUE
8566,0,0,TRUE
8568,0,0,TRUE
8569,0,0,TRUE
8573,0,0,TRUE
8583,0,0,TRUE
8588,0,0,TRUE
8590,0,0,TRUE
8592,0,1,FALSE
8593,0,0,TRUE
8594,1,1,TRUE
8597,0,0,TRUE
8600,1,1,TRUE
8601,0,0,TRUE
8602,0,0,TRUE
8603,0,0,TRUE
8604,0,0,TRUE
8605,0,0,TRUE
8611,0,0,TRUE
8614,0,0,TRUE
8616,1,1,TRUE
8617,0,0,TRUE
8619,1,1,TRUE
8626,1,0,FALSE
8629,0,0,TRUE
8630,0,1,FALSE
8632,0,0,TRUE
8634,1,1,TRUE
8641,0,0,TRUE
8645,1,1,TRUE
8649,1,1,TRUE
8652,1,1,TRUE
8666,1,1,TRUE
8671,0,0,TRUE
8672,1,1,TRUE
8675,1,1,TRUE
8678,1,1,TRUE
8679,1,1,TRUE
8682,1,1,TRUE
8687,1,1,TRUE
8701,0,0,TRUE
8703,0,0,TRUE
8707,0,0,TRUE
8713,0,0,TRUE
8716,0,0,TRUE
8719,0,0,TRUE
8725,0,0,TRUE
8730,0,0,TRUE
8731,0,0,TRUE
8748,0,0,TRUE
8749,0,0,TRUE
8756,0,0,TRUE
8764,0,0,TRUE
8765,0,0,TRUE
8769,0,0,TRUE
8771,0,0,TRUE
8772,0,0,TRUE
8773,0,0,TRUE
8779,0,0,TRUE
8792,0,0,TRUE
8794,0,0,TRUE
8796,0,0,TRUE
8798,0,0,TRUE
8803,0,0,TRUE
8807,1,1,TRUE
8809,0,0,TRUE
8811,0,0,TRUE
8813,0,0,TRUE
8814,0,0,TRUE
8818,0,0,TRUE
8819,0,0,TRUE
8820,1,1,TRUE
8821,0,0,TRUE
8822,0,0,TRUE
8824,0,0,TRUE
8826,0,0,TRUE
8827,0,0,TRUE
8828,0,0,TRUE
8833,1,0,FALSE
8834,0,0,TRUE
8845,0,0,TRUE
8847,0,0,TRUE
8849,0,0,TRUE
8861,0,0,TRUE
8867,0,0,TRUE
8868,0,0,TRUE
8870,0,0,TRUE
8873,0,0,TRUE
8874,0,0,TRUE
8876,0,0,TRUE
8877,0,0,TRUE
8879,0,0,TRUE
8882,0,0,TRUE
8884,0,0,TRUE
8889,0,0,TRUE
8891,0,0,TRUE
8894,1,0,FALSE
8895,0,0,TRUE
8897,1,1,TRUE
8898,1,0,FALSE
8901,0,0,TRUE
8904,1,0,FALSE
8909,0,0,TRUE
8910,0,0,TRUE
8911,0,0,TRUE
8915,0,0,TRUE
8917,0,0,TRUE
8918,0,0,TRUE
8919,0,0,TRUE
8922,0,0,TRUE
8925,0,0,TRUE
8928,0,0,TRUE
8929,0,0,TRUE
8930,1,1,TRUE
8932,0,0,TRUE
8937,0,0,TRUE
8940,0,0,TRUE
8943,0,0,TRUE
8950,0,0,TRUE
8951,1,1,TRUE
8954,0,0,TRUE
8958,1,1,TRUE
8960,0,0,TRUE
8964,1,1,TRUE
8975,0,0,TRUE
8977,1,1,TRUE
8981,0,0,TRUE
8982,1,1,TRUE
8984,0,0,TRUE
8988,0,0,TRUE
8990,1,1,TRUE
8991,0,0,TRUE
8995,0,0,TRUE
8997,0,0,TRUE
9003,0,0,TRUE
9004,0,0,TRUE
9010,0,0,TRUE
9011,0,0,TRUE
9013,0,0,TRUE
9014,0,0,TRUE
9015,0,0,TRUE
9017,0,0,TRUE
9019,0,0,TRUE
9021,0,0,TRUE
9024,0,0,TRUE
9032,0,0,TRUE
9035,0,0,TRUE
9036,0,0,TRUE
9037,0,0,TRUE
9043,1,1,TRUE
9046,1,1,TRUE
9048,1,1,TRUE
9049,1,1,TRUE
9050,1,1,TRUE
9056,1,1,TRUE
9063,0,0,TRUE
9065,1,1,TRUE
9066,1,1,TRUE
9068,0,0,TRUE
9069,1,1,TRUE
9070,0,0,TRUE
9073,1,1,TRUE
9076,1,1,TRUE
9091,1,1,TRUE
9092,1,1,TRUE
9104,1,1,TRUE
9105,1,1,TRUE
9108,1,1,TRUE
9111,1,1,TRUE
9115,1,1,TRUE
9117,1,1,TRUE
9122,1,1,TRUE
9125,1,1,TRUE
9127,1,1,TRUE
9129,1,1,TRUE
9133,1,1,TRUE
9136,1,1,TRUE
9138,1,1,TRUE
9140,1,1,TRUE
9147,1,1,TRUE
9150,1,1,TRUE
9152,1,1,TRUE
9153,1,1,TRUE
9155,1,1,TRUE
9158,1,1,TRUE
9160,1,1,TRUE
9163,1,1,TRUE
9165,1,1,TRUE
9167,0,0,TRUE
9168,1,1,TRUE
9170,1,1,TRUE
9176,1,1,TRUE
9178,1,1,TRUE
9184,1,1,TRUE
9186,1,1,TRUE
9188,1,1,TRUE
9189,1,1,TRUE
9190,1,1,TRUE
9196,1,1,TRUE
9198,0,1,FALSE
9199,1,1,TRUE
9200,1,1,TRUE
9201,1,1,TRUE
9202,1,1,TRUE
9204,1,1,TRUE
9205,1,1,TRUE
9213,1,1,TRUE
9214,1,1,TRUE
9224,1,1,TRUE
9227,1,1,TRUE
9228,1,1,TRUE
9229,1,1,TRUE
9234,1,1,TRUE
9236,1,1,TRUE
9241,1,1,TRUE
9243,0,0,TRUE
9245,0,0,TRUE
9256,0,0,TRUE
9258,0,0,TRUE
9261,0,0,TRUE
9274,0,0,TRUE
9279,0,0,TRUE
9282,0,0,TRUE
9284,0,0,TRUE
9285,0,0,TRUE
9291,0,0,TRUE
9295,0,0,TRUE
9299,0,0,TRUE
9302,0,0,TRUE
9304,0,0,TRUE
9305,0,0,TRUE
9306,0,0,TRUE
9310,0,0,TRUE
9312,0,0,TRUE
9316,0,0,TRUE
9318,0,0,TRUE
9323,0,0,TRUE
9326,0,0,TRUE
9327,0,0,TRUE
9328,0,0,TRUE
9331,1,0,FALSE
9335,0,0,TRUE
9336,0,0,TRUE
9340,0,0,TRUE
9349,1,1,TRUE
9352,0,0,TRUE
9353,0,0,TRUE
9354,0,0,TRUE
9356,0,0,TRUE
9357,0,0,TRUE
9358,0,0,TRUE
9359,0,0,TRUE
9364,0,0,TRUE
9366,1,1,TRUE
9369,0,0,TRUE
9370,0,0,TRUE
9379,0,0,TRUE
9381,0,0,TRUE
9383,0,0,TRUE
9389,0,0,TRUE
9390,0,0,TRUE
9392,1,1,TRUE
9394,1,1,TRUE
9398,1,1,TRUE
9399,1,1,TRUE
9400,0,0,TRUE
9407,1,1,TRUE
9409,1,1,TRUE
9412,1,1,TRUE
9413,1,1,TRUE
9415,0,0,TRUE
9419,1,1,TRUE
9423,0,0,TRUE
9424,1,1,TRUE
9426,0,0,TRUE
9427,1,1,TRUE
9428,0,0,TRUE
9429,0,0,TRUE
9433,1,1,TRUE
9437,0,0,TRUE
9440,0,0,TRUE
9442,1,1,TRUE
9443,1,1,TRUE
9444,1,1,TRUE
9447,1,1,TRUE
9459,0,0,TRUE
9461,1,1,TRUE
9462,0,0,TRUE
9464,1,1,TRUE
9473,1,1,TRUE
9475,1,1,TRUE
9476,1,1,TRUE
9477,1,1,TRUE
9478,1,1,TRUE
9479,1,1,TRUE
9483,1,1,TRUE
9487,1,1,TRUE
9494,1,1,TRUE
9497,1,1,TRUE
9498,1,1,TRUE
9506,0,0,TRUE
9512,1,1,TRUE
9514,1,1,TRUE
9515,1,1,TRUE
9516,1,1,TRUE
9517,1,1,TRUE
9518,0,0,TRUE
9521,1,0,FALSE
9523,1,0,FALSE
9527,1,1,TRUE
9528,1,1,TRUE
9530,0,0,TRUE
9532,1,1,TRUE
9534,1,1,TRUE
9535,0,0,TRUE
9536,1,1,TRUE
9543,0,0,TRUE
9544,0,0,TRUE
9545,0,0,TRUE
9546,0,0,TRUE
9549,0,0,TRUE
9558,0,0,TRUE
9560,0,0,TRUE
9561,0,0,TRUE
9570,0,0,TRUE
9573,0,0,TRUE
9578,0,0,TRUE
9584,0,0,TRUE
9587,0,0,TRUE
9588,0,0,TRUE
9599,0,0,TRUE
9601,0,0,TRUE
9604,0,0,TRUE
9614,1,1,TRUE
9615,1,1,TRUE
9621,1,1,TRUE
9622,0,0,TRUE
9623,1,1,TRUE
9624,0,0,TRUE
9626,1,1,TRUE
9628,1,1,TRUE
9630,0,0,TRUE
9631,1,1,TRUE
9633,1,1,TRUE
9635,1,1,TRUE
9637,1,1,TRUE
9641,0,0,TRUE
9647,1,1,TRUE
9648,1,1,TRUE
9649,0,0,TRUE
9658,0,0,TRUE
9662,1,1,TRUE
9668,1,1,TRUE
9671,0,0,TRUE
9676,1,1,TRUE
9677,1,1,TRUE
9679,0,0,TRUE
9682,1,1,TRUE
9685,0,0,TRUE
9689,1,1,TRUE
9692,1,1,TRUE
9693,0,0,TRUE
9694,0,0,TRUE
9696,0,0,TRUE
9700,0,0,TRUE
9711,1,1,TRUE
9713,0,0,TRUE
9720,0,0,TRUE
9721,1,1,TRUE
9725,0,0,TRUE
9726,0,0,TRUE
9727,0,0,TRUE
9735,0,0,TRUE
9740,1,1,TRUE
9742,1,1,TRUE
9743,0,0,TRUE
9747,1,1,TRUE
9748,1,1,TRUE
9751,1,1,TRUE
9758,0,0,TRUE
9767,0,0,TRUE
9768,0,0,TRUE
9773,0,0,TRUE
9777,0,0,TRUE
9781,0,0,TRUE
9784,0,0,TRUE
9786,1,1,TRUE
9789,0,0,TRUE
9792,0,0,TRUE
9793,0,0,TRUE
9798,0,0,TRUE
9799,0,0,TRUE
9802,0,0,TRUE
9803,0,0,TRUE
9804,0,0,TRUE
9805,0,0,TRUE
9807,1,1,TRUE
9809,0,0,TRUE
9811,0,0,TRUE
9814,0,0,TRUE
9817,0,0,TRUE
9821,0,0,TRUE
9824,0,0,TRUE
9825,0,0,TRUE
9827,1,1,TRUE
9839,1,1,TRUE
9840,0,0,TRUE
9843,0,1,FALSE
9844,0,0,TRUE
9845,0,0,TRUE
9847,0,0,TRUE
9848,0,0,TRUE
9851,0,0,TRUE
9852,0,0,TRUE
9855,0,0,TRUE
9856,0,0,TRUE
9863,0,0,TRUE
9867,0,0,TRUE
9871,0,0,TRUE
9876,0,0,TRUE
9879,0,0,TRUE
9882,0,0,TRUE
9891,0,0,TRUE
9892,0,0,TRUE
9893,0,0,TRUE
9895,0,0,TRUE
9899,0,0,TRUE
9900,0,0,TRUE
9902,0,0,TRUE
9903,0,0,TRUE
9904,0,0,TRUE
9908,0,0,TRUE
9913,0,0,TRUE
9914,1,1,TRUE
9917,0,0,TRUE
9922,1,1,TRUE
9924,0,0,TRUE
9926,0,0,TRUE
9927,0,0,TRUE
9928,0,0,TRUE
9929,0,0,TRUE
9936,0,0,TRUE
9939,0,0,TRUE
9947,0,0,TRUE
9951,0,0,TRUE
9954,0,0,TRUE
9956,0,0,TRUE
9957,0,0,TRUE
9959,0,0,TRUE
9962,0,0,TRUE
9964,0,0,TRUE
9966,0,0,TRUE
9968,0,0,TRUE
9969,0,0,TRUE
9970,0,1,FALSE
9975,1,1,TRUE
9977,0,0,TRUE
9981,0,0,TRUE
9993,0,0,TRUE
9996,0,0,TRUE
9997,0,0,TRUE
9999,0,0,TRUE
10002,0,0,TRUE
10007,1,1,TRUE
10015,0,0,TRUE
10019,1,1,TRUE
10022,0,0,TRUE
10024,0,0,TRUE
10026,0,0,TRUE
10033,0,0,TRUE
10043,0,0,TRUE
10046,0,0,TRUE
10051,0,0,TRUE
10053,0,0,TRUE
10062,1,1,TRUE
10063,1,1,TRUE
10065,1,1,TRUE
10068,1,1,TRUE
10078,1,1,TRUE
10086,1,1,TRUE
10094,1,1,TRUE
10095,1,1,TRUE
10096,1,1,TRUE
10097,1,1,TRUE
10103,1,1,TRUE
10104,1,1,TRUE
10108,0,0,TRUE
10122,0,0,TRUE
10123,0,0,TRUE
10128,0,0,TRUE
10131,0,0,TRUE
10133,0,0,TRUE
10134,0,0,TRUE
10135,0,0,TRUE
10145,0,0,TRUE
10148,0,0,TRUE
10154,0,0,TRUE
10155,0,0,TRUE
10158,1,1,TRUE
10160,1,1,TRUE
10161,1,1,TRUE
10162,1,1,TRUE
10165,1,1,TRUE
10166,1,1,TRUE
10167,1,1,TRUE
10170,1,1,TRUE
10178,1,1,TRUE
10180,1,1,TRUE
10181,1,1,TRUE
10185,1,1,TRUE
10188,1,0,FALSE
10190,1,1,TRUE
10196,1,1,TRUE
10200,1,1,TRUE
10205,1,1,TRUE
10211,0,0,TRUE
10216,0,0,TRUE
10219,0,0,TRUE
10221,0,0,TRUE
10225,0,0,TRUE
10227,0,0,TRUE
10228,1,1,TRUE
10230,1,0,FALSE
10232,1,1,TRUE
10233,1,1,TRUE
10235,0,0,TRUE
10238,1,1,TRUE
10240,1,1,TRUE
10242,0,0,TRUE
10248,0,0,TRUE
10254,0,0,TRUE
10257,0,0,TRUE
10261,0,0,TRUE
10262,0,0,TRUE
10266,0,0,TRUE
10267,1,1,TRUE
10271,0,0,TRUE
10277,0,0,TRUE
10279,0,0,TRUE
10281,0,0,TRUE
10282,0,0,TRUE
10285,0,0,TRUE
10292,0,0,TRUE
10298,0,0,TRUE
10300,0,0,TRUE
10309,0,0,TRUE
10311,0,0,TRUE
10312,0,0,TRUE
10319,0,0,TRUE
10324,1,1,TRUE
10326,0,0,TRUE
10328,0,0,TRUE
10343,0,0,TRUE
10346,0,0,TRUE
10347,0,0,TRUE
10353,0,0,TRUE
10354,1,1,TRUE
10356,0,0,TRUE
10357,0,0,TRUE
10362,0,0,TRUE
10363,0,0,TRUE
10370,1,1,TRUE
10373,0,0,TRUE
10386,0,0,TRUE
10388,0,0,TRUE
10389,0,0,TRUE
10391,1,1,TRUE
10397,0,0,TRUE
10400,0,0,TRUE
10403,0,0,TRUE
10404,0,0,TRUE
10408,0,0,TRUE
10417,0,0,TRUE
10425,0,0,TRUE
10435,1,1,TRUE
10437,1,1,TRUE
10438,1,1,TRUE
10440,0,0,TRUE
10442,0,0,TRUE
10447,1,1,TRUE
10452,1,1,TRUE
10453,0,0,TRUE
10454,1,1,TRUE
10459,1,1,TRUE
10460,1,1,TRUE
10463,0,0,TRUE
10465,1,1,TRUE
10469,1,1,TRUE
10474,1,1,TRUE
10475,1,1,TRUE
10476,1,1,TRUE
10477,1,1,TRUE
10480,1,1,TRUE
10491,1,1,TRUE
10493,1,1,TRUE
10494,1,1,TRUE
10495,0,0,TRUE
10497,0,0,TRUE
10501,1,1,TRUE
10504,0,0,TRUE
10507,1,1,TRUE
10509,1,1,TRUE
10510,0,0,TRUE
10512,1,1,TRUE
10514,1,1,TRUE
10526,1,1,TRUE
10528,1,1,TRUE
10530,1,1,TRUE
10531,1,1,TRUE
10532,1,1,TRUE
10538,0,1,FALSE
10539,0,0,TRUE
10542,0,0,TRUE
10547,0,0,TRUE
10549,0,0,TRUE
10556,0,0,TRUE
10569,0,0,TRUE
10572,0,0,TRUE
10577,0,0,TRUE
10579,0,0,TRUE
10586,1,1,TRUE
10594,1,1,TRUE
10595,1,1,TRUE
10597,0,0,TRUE
10602,1,1,TRUE
10604,1,1,TRUE
10614,1,0,FALSE
10617,0,0,TRUE
10618,1,1,TRUE
10619,1,1,TRUE
10624,1,1,TRUE
10633,1,1,TRUE
10634,1,1,TRUE
10635,0,0,TRUE
10638,0,0,TRUE
10639,0,0,TRUE
10642,0,0,TRUE
10643,0,0,TRUE
10645,1,1,TRUE
10646,0,0,TRUE
10649,0,0,TRUE
10652,1,1,TRUE
10653,0,0,TRUE
10654,0,0,TRUE
10661,1,1,TRUE
10664,1,1,TRUE
10668,0,0,TRUE
10670,0,0,TRUE
10674,0,0,TRUE
10683,0,0,TRUE
10694,0,0,TRUE
10697,0,0,TRUE
10699,0,0,TRUE
10701,0,0,TRUE
10703,1,0,FALSE
10713,0,0,TRUE
10714,1,1,TRUE
10716,0,0,TRUE
10717,0,0,TRUE
10719,0,0,TRUE
10725,0,0,TRUE
10728,0,0,TRUE
10734,0,0,TRUE
10738,1,1,TRUE
10740,1,1,TRUE
10742,1,1,TRUE
10756,1,1,TRUE
10757,1,1,TRUE
10758,1,1,TRUE
10761,1,1,TRUE
10762,1,1,TRUE
10773,1,1,TRUE
10778,1,1,TRUE
10781,1,1,TRUE
10791,0,0,TRUE
10792,0,0,TRUE
10796,0,0,TRUE
10797,0,0,TRUE
10801,0,0,TRUE
10804,0,0,TRUE
10806,0,0,TRUE
10807,0,0,TRUE
10816,0,0,TRUE
10820,0,0,TRUE
10828,0,0,TRUE
10836,1,1,TRUE
10838,1,1,TRUE
10845,1,1,TRUE
10856,1,1,TRUE
10857,0,0,TRUE
10858,1,1,TRUE
10861,1,1,TRUE
10865,1,1,TRUE
10868,1,1,TRUE
10874,1,1,TRUE
10875,0,1,FALSE
